epoch,batch,train_loss
1.0,1.0,0.7111454606056213
1.0,2.0,0.5167499780654907
1.0,3.0,0.37306052446365356
1.0,4.0,0.282599538564682
1.0,5.0,0.24640867114067078
1.0,6.0,0.21908771991729736
1.0,7.0,0.20689114928245544
1.0,8.0,0.14089545607566833
1.0,9.0,0.15930530428886414
1.0,10.0,0.18227839469909668
1.0,11.0,0.14113721251487732
1.0,12.0,0.1558956801891327
1.0,13.0,0.16710594296455383
1.0,14.0,0.15046854317188263
1.0,15.0,0.18500328063964844
1.0,16.0,0.14542752504348755
1.0,17.0,0.18017926812171936
1.0,18.0,0.15104782581329346
1.0,19.0,0.12165235728025436
1.0,20.0,0.22134579718112946
1.0,21.0,0.19432230293750763
1.0,22.0,0.13675621151924133
1.0,23.0,0.19682812690734863
1.0,24.0,0.15821704268455505
1.0,25.0,0.17641934752464294
1.0,26.0,0.17171892523765564
1.0,27.0,0.15207743644714355
1.0,28.0,0.12694957852363586
1.0,29.0,0.16911835968494415
1.0,30.0,0.18494802713394165
1.0,31.0,0.16299942135810852
1.0,32.0,0.15778107941150665
1.0,33.0,0.17480772733688354
1.0,34.0,0.14747354388237
1.0,35.0,0.15487532317638397
1.0,36.0,0.14031368494033813
1.0,37.0,0.18324103951454163
1.0,38.0,0.17635539174079895
1.0,39.0,0.16866138577461243
1.0,40.0,0.15736064314842224
1.0,41.0,0.16624757647514343
1.0,42.0,0.1422203928232193
1.0,43.0,0.15203171968460083
1.0,44.0,0.18655282258987427
1.0,45.0,0.17233102023601532
1.0,46.0,0.14543773233890533
1.0,47.0,0.1757090985774994
1.0,48.0,0.1641329824924469
1.0,49.0,0.1636185348033905
1.0,50.0,0.1325729489326477
1.0,51.0,0.1513518989086151
1.0,52.0,0.14448793232440948
1.0,53.0,0.14917585253715515
1.0,54.0,0.16132867336273193
1.0,55.0,0.16571596264839172
1.0,56.0,0.19415636360645294
1.0,57.0,0.17553472518920898
1.0,58.0,0.1869983971118927
1.0,59.0,0.1531103551387787
1.0,60.0,0.14725041389465332
1.0,61.0,0.17312616109848022
1.0,62.0,0.17885202169418335
1.0,63.0,0.13289208710193634
1.0,64.0,0.1650487780570984
1.0,65.0,0.18642330169677734
1.0,66.0,0.17350244522094727
1.0,67.0,0.12308647483587265
1.0,68.0,0.196640282869339
1.0,69.0,0.11273760348558426
1.0,70.0,0.14507396519184113
1.0,71.0,0.1417286992073059
1.0,72.0,0.16278274357318878
1.0,73.0,0.14940208196640015
1.0,74.0,0.21003469824790955
1.0,75.0,0.15915638208389282
1.0,76.0,0.16381312906742096
1.0,77.0,0.17229345440864563
1.0,78.0,0.17327530682086945
1.0,79.0,0.16209232807159424
1.0,80.0,0.1481189727783203
1.0,81.0,0.15791240334510803
1.0,82.0,0.1743401288986206
1.0,83.0,0.15581148862838745
1.0,84.0,0.14683014154434204
1.0,85.0,0.14934644103050232
1.0,86.0,0.18164047598838806
1.0,87.0,0.17259156703948975
1.0,88.0,0.1492156833410263
1.0,89.0,0.1707829385995865
1.0,90.0,0.15288615226745605
1.0,91.0,0.15468496084213257
1.0,92.0,0.1718674898147583
1.0,93.0,0.1725541055202484
1.0,94.0,0.18872100114822388
1.0,95.0,0.17746590077877045
1.0,96.0,0.18091964721679688
1.0,97.0,0.17410992085933685
1.0,98.0,0.16547122597694397
1.0,99.0,0.14098705351352692
1.0,100.0,0.1442699432373047
1.0,101.0,0.167586550116539
1.0,102.0,0.18169482052326202
1.0,103.0,0.14914661645889282
1.0,104.0,0.15202435851097107
1.0,105.0,0.16255968809127808
1.0,106.0,0.16183216869831085
1.0,107.0,0.20079338550567627
1.0,108.0,0.1418287456035614
1.0,109.0,0.13618582487106323
1.0,110.0,0.1370336264371872
1.0,111.0,0.1567973792552948
1.0,112.0,0.14927248656749725
1.0,113.0,0.1371639519929886
1.0,114.0,0.15712213516235352
1.0,115.0,0.15105852484703064
1.0,116.0,0.20593059062957764
1.0,117.0,0.13833722472190857
1.0,118.0,0.1594010293483734
1.0,119.0,0.16689863801002502
1.0,120.0,0.15186744928359985
1.0,121.0,0.171940416097641
1.0,122.0,0.18413183093070984
1.0,123.0,0.12999479472637177
1.0,124.0,0.16746270656585693
1.0,125.0,0.16868367791175842
1.0,126.0,0.1363925188779831
1.0,127.0,0.16641421616077423
1.0,128.0,0.1892678141593933
1.0,129.0,0.1707238256931305
1.0,130.0,0.15058362483978271
1.0,131.0,0.1301933228969574
1.0,132.0,0.16111087799072266
1.0,133.0,0.13831540942192078
1.0,134.0,0.14944681525230408
1.0,135.0,0.20286241173744202
1.0,136.0,0.13253989815711975
1.0,137.0,0.15879949927330017
1.0,138.0,0.17320847511291504
1.0,139.0,0.1437608301639557
1.0,140.0,0.1751638799905777
1.0,141.0,0.24822571873664856
1.0,142.0,0.13028743863105774
1.0,143.0,0.20015642046928406
1.0,144.0,0.19783346354961395
1.0,145.0,0.18894252181053162
1.0,146.0,0.1773476004600525
1.0,147.0,0.1515323519706726
1.0,148.0,0.16602161526679993
1.0,149.0,0.16170182824134827
1.0,150.0,0.15495970845222473
1.0,151.0,0.1574344038963318
1.0,152.0,0.14168360829353333
1.0,153.0,0.18083518743515015
1.0,154.0,0.14986009895801544
1.0,155.0,0.13646739721298218
1.0,156.0,0.17067788541316986
1.0,157.0,0.1426946520805359
1.0,158.0,0.19283024966716766
1.0,159.0,0.17465244233608246
1.0,160.0,0.12155856192111969
1.0,161.0,0.1559666395187378
1.0,162.0,0.1959899663925171
1.0,163.0,0.1424591839313507
1.0,164.0,0.1692913919687271
1.0,165.0,0.12226240336894989
1.0,166.0,0.16233208775520325
1.0,167.0,0.17059268057346344
1.0,168.0,0.13312354683876038
1.0,169.0,0.14668585360050201
1.0,170.0,0.19870492815971375
1.0,171.0,0.18095678091049194
1.0,172.0,0.19322147965431213
1.0,173.0,0.1468808650970459
1.0,174.0,0.15565620362758636
1.0,175.0,0.17710943520069122
1.0,176.0,0.16187787055969238
1.0,177.0,0.1733470857143402
1.0,178.0,0.19055794179439545
1.0,179.0,0.16699424386024475
1.0,180.0,0.18524813652038574
1.0,181.0,0.19182898104190826
1.0,182.0,0.12092489004135132
1.0,183.0,0.17649595439434052
1.0,184.0,0.14677926898002625
1.0,185.0,0.1717255413532257
1.0,186.0,0.15478801727294922
1.0,187.0,0.15232127904891968
1.0,188.0,0.1534256786108017
1.0,189.0,0.18296949565410614
1.0,190.0,0.15369240939617157
1.0,191.0,0.18546000123023987
1.0,192.0,0.14423950016498566
1.0,193.0,0.12039324641227722
1.0,194.0,0.14671313762664795
1.0,195.0,0.15626400709152222
1.0,196.0,0.17851522564888
1.0,197.0,0.12950767576694489
1.0,198.0,0.12016553431749344
1.0,199.0,0.13589048385620117
1.0,200.0,0.1282837688922882
1.0,201.0,0.23450209200382233
1.0,202.0,0.17004919052124023
1.0,203.0,0.15565899014472961
1.0,204.0,0.15408343076705933
1.0,205.0,0.13768520951271057
1.0,206.0,0.14569823443889618
1.0,207.0,0.17729322612285614
1.0,208.0,0.129174143075943
1.0,209.0,0.19117748737335205
1.0,210.0,0.14647071063518524
1.0,211.0,0.14249663054943085
1.0,212.0,0.1082429364323616
1.0,213.0,0.14779117703437805
1.0,214.0,0.15473748743534088
1.0,215.0,0.16554203629493713
1.0,216.0,0.18173669278621674
1.0,217.0,0.1421659290790558
1.0,218.0,0.1795566976070404
1.0,219.0,0.17194411158561707
1.0,220.0,0.1442769467830658
1.0,221.0,0.15481433272361755
1.0,222.0,0.14854149520397186
1.0,223.0,0.14687851071357727
1.0,224.0,0.13214686512947083
1.0,225.0,0.12891067564487457
1.0,226.0,0.16538286209106445
1.0,227.0,0.12793707847595215
1.0,228.0,0.17540279030799866
1.0,229.0,0.16291281580924988
1.0,230.0,0.20713846385478973
1.0,231.0,0.16692763566970825
1.0,232.0,0.13433785736560822
1.0,233.0,0.1467275321483612
1.0,234.0,0.11361970007419586
1.0,235.0,0.15242250263690948
1.0,236.0,0.14247071743011475
1.0,237.0,0.14370088279247284
1.0,238.0,0.16777610778808594
1.0,239.0,0.11379659920930862
1.0,240.0,0.1513087898492813
1.0,241.0,0.1270316243171692
1.0,242.0,0.14299963414669037
1.0,243.0,0.17405150830745697
1.0,244.0,0.15627922117710114
1.0,245.0,0.19134408235549927
1.0,246.0,0.16120025515556335
1.0,247.0,0.16360077261924744
1.0,248.0,0.19759486615657806
1.0,249.0,0.16449961066246033
1.0,250.0,0.15561455488204956
1.0,251.0,0.19348743557929993
1.0,252.0,0.15704108774662018
1.0,253.0,0.1712709367275238
1.0,254.0,0.1281820833683014
1.0,255.0,0.16354939341545105
1.0,256.0,0.18329772353172302
1.0,257.0,0.1456291377544403
1.0,258.0,0.1639995127916336
1.0,259.0,0.1231207624077797
1.0,260.0,0.14037010073661804
1.0,261.0,0.161258727312088
1.0,262.0,0.15810036659240723
1.0,263.0,0.20229899883270264
1.0,264.0,0.17308634519577026
1.0,265.0,0.15402363240718842
1.0,266.0,0.14453956484794617
1.0,267.0,0.13952727615833282
1.0,268.0,0.1545754075050354
1.0,269.0,0.1565638780593872
1.0,270.0,0.14148011803627014
1.0,271.0,0.22314855456352234
1.0,272.0,0.1994307041168213
1.0,273.0,0.21413740515708923
1.0,274.0,0.13025331497192383
1.0,275.0,0.2190096378326416
1.0,276.0,0.1793650984764099
1.0,277.0,0.13984651863574982
1.0,278.0,0.15775582194328308
1.0,279.0,0.16922199726104736
1.0,280.0,0.17423751950263977
1.0,281.0,0.1614077389240265
1.0,282.0,0.1438417285680771
1.0,283.0,0.13257041573524475
1.0,284.0,0.18809831142425537
1.0,285.0,0.16097965836524963
1.0,286.0,0.11855974793434143
1.0,287.0,0.16170060634613037
1.0,288.0,0.12953497469425201
1.0,289.0,0.15108679234981537
1.0,290.0,0.1655506044626236
1.0,291.0,0.14389075338840485
1.0,292.0,0.15573635697364807
1.0,293.0,0.2090490311384201
1.0,294.0,0.1745997965335846
1.0,295.0,0.17598824203014374
1.0,296.0,0.18247002363204956
1.0,297.0,0.1386510729789734
1.0,298.0,0.16355261206626892
1.0,299.0,0.13546770811080933
1.0,300.0,0.1551201194524765
1.0,301.0,0.16179829835891724
1.0,302.0,0.16301989555358887
1.0,303.0,0.16842177510261536
1.0,304.0,0.1722390055656433
1.0,305.0,0.1542631983757019
1.0,306.0,0.14210684597492218
1.0,307.0,0.16523805260658264
1.0,308.0,0.15645919740200043
1.0,309.0,0.120467908680439
1.0,310.0,0.1782989203929901
1.0,311.0,0.1418326497077942
1.0,312.0,0.14709420502185822
1.0,313.0,0.19814547896385193
1.0,314.0,0.14111894369125366
1.0,315.0,0.19232434034347534
1.0,316.0,0.19560059905052185
1.0,317.0,0.18015313148498535
1.0,318.0,0.15180158615112305
1.0,319.0,0.14775818586349487
1.0,320.0,0.14008080959320068
1.0,321.0,0.16791142523288727
1.0,322.0,0.17427964508533478
1.0,323.0,0.12637513875961304
1.0,324.0,0.18022584915161133
1.0,325.0,0.15398964285850525
1.0,326.0,0.18125367164611816
1.0,327.0,0.16295018792152405
1.0,328.0,0.1357097625732422
1.0,329.0,0.12042699754238129
1.0,330.0,0.15807528793811798
1.0,331.0,0.1111980751156807
1.0,332.0,0.17883220314979553
1.0,333.0,0.14673632383346558
1.0,334.0,0.1731482744216919
1.0,335.0,0.21395334601402283
1.0,336.0,0.13487640023231506
1.0,337.0,0.17246320843696594
1.0,338.0,0.21420884132385254
1.0,339.0,0.15797749161720276
1.0,340.0,0.17680951952934265
1.0,341.0,0.14675599336624146
1.0,342.0,0.13758359849452972
1.0,343.0,0.14850211143493652
1.0,344.0,0.14385266602039337
1.0,345.0,0.17266124486923218
1.0,346.0,0.1512403041124344
1.0,347.0,0.1572178304195404
1.0,348.0,0.1474224328994751
1.0,349.0,0.1701357066631317
1.0,350.0,0.16350582242012024
1.0,351.0,0.13752014935016632
1.0,352.0,0.15411949157714844
1.0,353.0,0.1466323286294937
1.0,354.0,0.16009733080863953
1.0,355.0,0.17049112915992737
1.0,356.0,0.155851811170578
1.0,357.0,0.17343199253082275
1.0,358.0,0.14410817623138428
1.0,359.0,0.14758870005607605
1.0,360.0,0.19153037667274475
1.0,361.0,0.1459079086780548
1.0,362.0,0.16935448348522186
1.0,363.0,0.13585646450519562
1.0,364.0,0.1278906613588333
1.0,365.0,0.14539578557014465
1.0,366.0,0.21231727302074432
1.0,367.0,0.15099766850471497
1.0,368.0,0.15141665935516357
1.0,369.0,0.16645488142967224
1.0,370.0,0.13568297028541565
1.0,371.0,0.1452282816171646
1.0,372.0,0.18100661039352417
1.0,373.0,0.1316152960062027
1.0,374.0,0.18236342072486877
1.0,375.0,0.15083175897598267
1.0,376.0,0.1444450318813324
1.0,377.0,0.13309794664382935
1.0,378.0,0.16087600588798523
1.0,379.0,0.15347906947135925
1.0,380.0,0.14435970783233643
1.0,381.0,0.15201491117477417
1.0,382.0,0.13096362352371216
1.0,383.0,0.13216343522071838
1.0,384.0,0.2107124924659729
1.0,385.0,0.14777296781539917
1.0,386.0,0.13991974294185638
1.0,387.0,0.14095145463943481
1.0,388.0,0.12558294832706451
1.0,389.0,0.17058786749839783
1.0,390.0,0.14268185198307037
1.0,391.0,0.15893210470676422
1.0,392.0,0.1746962070465088
1.0,393.0,0.14155073463916779
1.0,394.0,0.1761413961648941
1.0,395.0,0.16832461953163147
1.0,396.0,0.13513043522834778
1.0,397.0,0.1766761839389801
1.0,398.0,0.17465274035930634
1.0,399.0,0.15082433819770813
1.0,400.0,0.15202978253364563
1.0,401.0,0.15853437781333923
1.0,402.0,0.15994787216186523
1.0,403.0,0.1476128101348877
1.0,404.0,0.18143513798713684
1.0,405.0,0.16312751173973083
1.0,406.0,0.13877969980239868
1.0,407.0,0.14240853488445282
1.0,408.0,0.14876079559326172
1.0,409.0,0.1496296226978302
1.0,410.0,0.14645560085773468
1.0,411.0,0.1865713894367218
1.0,412.0,0.15368777513504028
1.0,413.0,0.1570671796798706
1.0,414.0,0.15635988116264343
1.0,415.0,0.1371936947107315
1.0,416.0,0.13306555151939392
1.0,417.0,0.16966655850410461
1.0,418.0,0.18381434679031372
1.0,419.0,0.23649843037128448
1.0,420.0,0.19069284200668335
1.0,421.0,0.1510908305644989
1.0,422.0,0.15731169283390045
1.0,423.0,0.19989097118377686
1.0,424.0,0.15664158761501312
1.0,425.0,0.1445614993572235
1.0,426.0,0.1746855229139328
1.0,427.0,0.14985817670822144
1.0,428.0,0.14377090334892273
1.0,429.0,0.1226491630077362
1.0,430.0,0.16651585698127747
1.0,431.0,0.1364748477935791
1.0,432.0,0.12663698196411133
1.0,433.0,0.13951396942138672
1.0,434.0,0.178677499294281
1.0,435.0,0.1624976098537445
1.0,436.0,0.15845993161201477
1.0,437.0,0.1760706603527069
1.0,438.0,0.18850833177566528
1.0,439.0,0.18580862879753113
1.0,440.0,0.15889817476272583
1.0,441.0,0.19229409098625183
1.0,442.0,0.1718100607395172
1.0,443.0,0.17661981284618378
1.0,444.0,0.12237809598445892
1.0,445.0,0.13403619825839996
1.0,446.0,0.16124075651168823
1.0,447.0,0.1982751190662384
1.0,448.0,0.13882294297218323
1.0,449.0,0.14093540608882904
1.0,450.0,0.1569814383983612
1.0,451.0,0.15944185853004456
1.0,452.0,0.178884819149971
1.0,453.0,0.18432165682315826
1.0,454.0,0.13180404901504517
1.0,455.0,0.14094458520412445
1.0,456.0,0.16730521619319916
1.0,457.0,0.13910575211048126
1.0,458.0,0.17131459712982178
1.0,459.0,0.15942279994487762
1.0,460.0,0.16860292851924896
1.0,461.0,0.16725850105285645
1.0,462.0,0.13394024968147278
1.0,463.0,0.17272789776325226
1.0,464.0,0.17179013788700104
1.0,465.0,0.15312612056732178
1.0,466.0,0.1351621448993683
1.0,467.0,0.16687195003032684
1.0,468.0,0.1731734722852707
1.0,469.0,0.13406719267368317
1.0,470.0,0.193990558385849
1.0,471.0,0.1551615297794342
1.0,472.0,0.1398487687110901
1.0,473.0,0.20622390508651733
1.0,474.0,0.1578255593776703
1.0,475.0,0.13697367906570435
1.0,476.0,0.15927138924598694
1.0,477.0,0.12121661752462387
1.0,478.0,0.1629246175289154
1.0,479.0,0.15614676475524902
1.0,480.0,0.17649048566818237
1.0,481.0,0.1482735276222229
1.0,482.0,0.1571890115737915
1.0,483.0,0.14708685874938965
1.0,484.0,0.1699206680059433
1.0,485.0,0.20560261607170105
1.0,486.0,0.15977634489536285
1.0,487.0,0.13806574046611786
1.0,488.0,0.1757354587316513
1.0,489.0,0.1562734842300415
1.0,490.0,0.17467039823532104
1.0,491.0,0.16684621572494507
1.0,492.0,0.1359894871711731
1.0,493.0,0.15329304337501526
1.0,494.0,0.15868623554706573
1.0,495.0,0.16204974055290222
1.0,496.0,0.16576963663101196
1.0,497.0,0.13113728165626526
1.0,498.0,0.1591872274875641
1.0,499.0,0.13821181654930115
1.0,500.0,0.12844446301460266
1.0,501.0,0.12680622935295105
1.0,502.0,0.1385645866394043
1.0,503.0,0.1733049750328064
1.0,504.0,0.1345674693584442
1.0,505.0,0.19441166520118713
1.0,506.0,0.21301884949207306
1.0,507.0,0.17629139125347137
1.0,508.0,0.16458141803741455
1.0,509.0,0.140221506357193
1.0,510.0,0.15286198258399963
1.0,511.0,0.1949540376663208
1.0,512.0,0.20419102907180786
1.0,513.0,0.2109244465827942
1.0,514.0,0.13408102095127106
1.0,515.0,0.17008520662784576
1.0,516.0,0.13426637649536133
1.0,517.0,0.13997730612754822
1.0,518.0,0.12504646182060242
1.0,519.0,0.15466180443763733
1.0,520.0,0.1275661140680313
1.0,521.0,0.17745916545391083
1.0,522.0,0.14857131242752075
1.0,523.0,0.18519319593906403
1.0,524.0,0.19273799657821655
1.0,525.0,0.15258842706680298
1.0,526.0,0.1309487372636795
1.0,527.0,0.14418315887451172
1.0,528.0,0.1632920205593109
1.0,529.0,0.1897231638431549
1.0,530.0,0.14135684072971344
1.0,531.0,0.14936545491218567
1.0,532.0,0.18710482120513916
1.0,533.0,0.12734122574329376
1.0,534.0,0.12523946166038513
1.0,535.0,0.1754360795021057
1.0,536.0,0.18294686079025269
1.0,537.0,0.17371931672096252
1.0,538.0,0.16006678342819214
1.0,539.0,0.13614173233509064
1.0,540.0,0.17598313093185425
1.0,541.0,0.1677548736333847
1.0,542.0,0.17663854360580444
1.0,543.0,0.15220077335834503
1.0,544.0,0.13241302967071533
1.0,545.0,0.1612134575843811
1.0,546.0,0.13224032521247864
1.0,547.0,0.1567184031009674
1.0,548.0,0.14883798360824585
1.0,549.0,0.17910362780094147
1.0,550.0,0.17685431241989136
1.0,551.0,0.1590740978717804
1.0,552.0,0.14961253106594086
1.0,553.0,0.14083953201770782
1.0,554.0,0.15240222215652466
1.0,555.0,0.17208141088485718
1.0,556.0,0.12304382026195526
1.0,557.0,0.14716365933418274
1.0,558.0,0.17004188895225525
1.0,559.0,0.17099712789058685
1.0,560.0,0.16732057929039001
1.0,561.0,0.17841674387454987
1.0,562.0,0.1551002413034439
1.0,563.0,0.15973949432373047
1.0,564.0,0.1514827311038971
1.0,565.0,0.16692213714122772
1.0,566.0,0.16520893573760986
1.0,567.0,0.1517561674118042
1.0,568.0,0.17405177652835846
1.0,569.0,0.17300841212272644
1.0,570.0,0.16851699352264404
1.0,571.0,0.162986621260643
1.0,572.0,0.14238837361335754
1.0,573.0,0.16044189035892487
1.0,574.0,0.11841383576393127
1.0,575.0,0.13687583804130554
1.0,576.0,0.1424194574356079
1.0,577.0,0.20563706755638123
1.0,578.0,0.1672125905752182
1.0,579.0,0.18340939283370972
1.0,580.0,0.13508498668670654
1.0,581.0,0.12501484155654907
1.0,582.0,0.14350749552249908
1.0,583.0,0.13873234391212463
1.0,584.0,0.14082512259483337
1.0,585.0,0.21047383546829224
1.0,586.0,0.15186728537082672
1.0,587.0,0.17310470342636108
1.0,588.0,0.1520698219537735
1.0,589.0,0.1526394784450531
1.0,590.0,0.13775156438350677
1.0,591.0,0.1495199352502823
1.0,592.0,0.13252666592597961
1.0,593.0,0.16891971230506897
1.0,594.0,0.16646717488765717
1.0,595.0,0.15487810969352722
1.0,596.0,0.1450093537569046
1.0,597.0,0.13595540821552277
1.0,598.0,0.16476620733737946
1.0,599.0,0.18548758327960968
1.0,600.0,0.16634944081306458
1.0,601.0,0.12883245944976807
1.0,602.0,0.16796186566352844
1.0,603.0,0.14348731935024261
1.0,604.0,0.1743144989013672
1.0,605.0,0.15400011837482452
1.0,606.0,0.17467030882835388
1.0,607.0,0.1730957329273224
1.0,608.0,0.17699268460273743
1.0,609.0,0.15284088253974915
1.0,610.0,0.18666532635688782
1.0,611.0,0.1677098274230957
1.0,612.0,0.12380362302064896
1.0,613.0,0.11111059784889221
1.0,614.0,0.17570100724697113
1.0,615.0,0.14807654917240143
1.0,616.0,0.14612941443920135
1.0,617.0,0.19436919689178467
1.0,618.0,0.19470670819282532
1.0,619.0,0.16667577624320984
1.0,620.0,0.15066610276699066
1.0,621.0,0.1653452217578888
1.0,622.0,0.2237502932548523
1.0,623.0,0.1487223505973816
1.0,624.0,0.19161970913410187
1.0,625.0,0.13925433158874512
1.0,626.0,0.1637384593486786
1.0,627.0,0.13665355741977692
1.0,628.0,0.13941717147827148
1.0,629.0,0.18108275532722473
1.0,630.0,0.1784043312072754
1.0,631.0,0.1400078535079956
1.0,632.0,0.13197137415409088
1.0,633.0,0.14837434887886047
1.0,634.0,0.15786941349506378
1.0,635.0,0.15667960047721863
1.0,636.0,0.12738913297653198
1.0,637.0,0.1802407056093216
1.0,638.0,0.17389217019081116
1.0,639.0,0.16555096209049225
1.0,640.0,0.15275587141513824
1.0,641.0,0.174377903342247
1.0,642.0,0.1707288920879364
1.0,643.0,0.16436603665351868
1.0,644.0,0.13096396625041962
1.0,645.0,0.16910681128501892
1.0,646.0,0.14054659008979797
1.0,647.0,0.18981686234474182
1.0,648.0,0.15280088782310486
1.0,649.0,0.16041478514671326
1.0,650.0,0.13640373945236206
1.0,651.0,0.1333930790424347
1.0,652.0,0.13957466185092926
1.0,653.0,0.1452377438545227
1.0,654.0,0.17478583753108978
1.0,655.0,0.18039202690124512
1.0,656.0,0.1303822547197342
1.0,657.0,0.16050738096237183
1.0,658.0,0.15451711416244507
1.0,659.0,0.19267502427101135
1.0,660.0,0.1474524438381195
1.0,661.0,0.1476813405752182
1.0,662.0,0.15878964960575104
1.0,663.0,0.14994442462921143
1.0,664.0,0.15123112499713898
1.0,665.0,0.19134239852428436
1.0,666.0,0.18096382915973663
1.0,667.0,0.1404227316379547
1.0,668.0,0.12735183537006378
1.0,669.0,0.13184234499931335
1.0,670.0,0.15435072779655457
1.0,671.0,0.19134706258773804
1.0,672.0,0.16286705434322357
1.0,673.0,0.11234845221042633
1.0,674.0,0.1712804138660431
1.0,675.0,0.17409288883209229
1.0,676.0,0.12568399310112
1.0,677.0,0.15195351839065552
1.0,678.0,0.14632177352905273
1.0,679.0,0.1591334342956543
1.0,680.0,0.17710281908512115
1.0,681.0,0.13458409905433655
1.0,682.0,0.17208099365234375
1.0,683.0,0.1433575451374054
1.0,684.0,0.18609708547592163
1.0,685.0,0.13778609037399292
1.0,686.0,0.13240301609039307
1.0,687.0,0.16286642849445343
1.0,688.0,0.11700187623500824
1.0,689.0,0.18418779969215393
1.0,690.0,0.1640220731496811
1.0,691.0,0.1618955135345459
1.0,692.0,0.21174365282058716
1.0,693.0,0.12396105378866196
1.0,694.0,0.13504838943481445
1.0,695.0,0.13427971303462982
1.0,696.0,0.15460991859436035
1.0,697.0,0.17499402165412903
1.0,698.0,0.1591510772705078
1.0,699.0,0.1731632649898529
1.0,700.0,0.1677781045436859
1.0,701.0,0.13387645781040192
1.0,702.0,0.13027019798755646
1.0,703.0,0.14926385879516602
1.0,704.0,0.13273566961288452
1.0,705.0,0.15542688965797424
1.0,706.0,0.18973320722579956
1.0,707.0,0.18232452869415283
1.0,708.0,0.15027940273284912
1.0,709.0,0.12988033890724182
1.0,710.0,0.21966415643692017
1.0,711.0,0.1635386347770691
1.0,712.0,0.12870070338249207
1.0,713.0,0.17464257776737213
1.0,714.0,0.14076316356658936
1.0,715.0,0.12451821565628052
1.0,716.0,0.16411811113357544
1.0,717.0,0.183287113904953
1.0,718.0,0.14925572276115417
1.0,719.0,0.14094752073287964
1.0,720.0,0.13952931761741638
1.0,721.0,0.20740672945976257
1.0,722.0,0.16266971826553345
1.0,723.0,0.11719290912151337
1.0,724.0,0.17963005602359772
1.0,725.0,0.17811447381973267
1.0,726.0,0.14573609828948975
1.0,727.0,0.16879576444625854
1.0,728.0,0.15570969879627228
1.0,729.0,0.17503094673156738
1.0,730.0,0.1583961546421051
1.0,731.0,0.1495310366153717
1.0,732.0,0.1406606286764145
1.0,733.0,0.1327565461397171
1.0,734.0,0.15277810394763947
1.0,735.0,0.12659774720668793
1.0,736.0,0.1479598879814148
1.0,737.0,0.17489250004291534
1.0,738.0,0.15627515316009521
1.0,739.0,0.1314578354358673
1.0,740.0,0.11682986468076706
1.0,741.0,0.16719144582748413
1.0,742.0,0.1848384141921997
1.0,743.0,0.12298989295959473
1.0,744.0,0.16655710339546204
1.0,745.0,0.15352368354797363
1.0,746.0,0.14598706364631653
1.0,747.0,0.13008847832679749
1.0,748.0,0.16548055410385132
1.0,749.0,0.1505216360092163
1.0,750.0,0.15085923671722412
1.0,751.0,0.1517338901758194
1.0,752.0,0.15434375405311584
1.0,753.0,0.1581203192472458
1.0,754.0,0.196141317486763
1.0,755.0,0.1412971168756485
1.0,756.0,0.16747529804706573
1.0,757.0,0.15060803294181824
1.0,758.0,0.1356574445962906
1.0,759.0,0.14182208478450775
1.0,760.0,0.14685386419296265
1.0,761.0,0.17170493304729462
1.0,762.0,0.1532258689403534
1.0,763.0,0.15441128611564636
1.0,764.0,0.1228313073515892
1.0,765.0,0.15563805401325226
1.0,766.0,0.15591980516910553
1.0,767.0,0.14194664359092712
1.0,768.0,0.171950101852417
1.0,769.0,0.1390705108642578
1.0,770.0,0.15046365559101105
1.0,771.0,0.15834969282150269
1.0,772.0,0.12761342525482178
1.0,773.0,0.17412236332893372
1.0,774.0,0.15700489282608032
1.0,775.0,0.16745805740356445
1.0,776.0,0.17176486551761627
1.0,777.0,0.13044017553329468
1.0,778.0,0.1541248857975006
1.0,779.0,0.15328656136989594
1.0,780.0,0.1412215381860733
1.0,781.0,0.1497773677110672
1.0,782.0,0.11496993154287338
1.0,783.0,0.13166604936122894
1.0,784.0,0.15986394882202148
1.0,785.0,0.17408056557178497
1.0,786.0,0.16300535202026367
1.0,787.0,0.1426488161087036
1.0,788.0,0.1507670283317566
1.0,789.0,0.16209200024604797
1.0,790.0,0.13530027866363525
1.0,791.0,0.17953401803970337
1.0,792.0,0.1537497639656067
1.0,793.0,0.12603169679641724
1.0,794.0,0.15606173872947693
1.0,795.0,0.15047228336334229
1.0,796.0,0.2023533135652542
1.0,797.0,0.1736333966255188
1.0,798.0,0.14413024485111237
1.0,799.0,0.14949598908424377
1.0,800.0,0.1547149419784546
1.0,801.0,0.15101832151412964
1.0,802.0,0.18704448640346527
1.0,803.0,0.11338785290718079
1.0,804.0,0.1853017508983612
1.0,805.0,0.17663787305355072
1.0,806.0,0.17881661653518677
1.0,807.0,0.19701474905014038
1.0,808.0,0.17918506264686584
1.0,809.0,0.11402732878923416
1.0,810.0,0.14722347259521484
1.0,811.0,0.1311337798833847
1.0,812.0,0.1772053837776184
1.0,813.0,0.178788423538208
1.0,814.0,0.16542524099349976
1.0,815.0,0.14570394158363342
1.0,816.0,0.15179309248924255
1.0,817.0,0.15736737847328186
1.0,818.0,0.1342574656009674
1.0,819.0,0.14133940637111664
1.0,820.0,0.18228906393051147
1.0,821.0,0.1762084662914276
1.0,822.0,0.15897104144096375
1.0,823.0,0.14690208435058594
1.0,824.0,0.14493775367736816
1.0,825.0,0.1402732878923416
1.0,826.0,0.1540134996175766
1.0,827.0,0.12847676873207092
1.0,828.0,0.1239924430847168
1.0,829.0,0.14142239093780518
1.0,830.0,0.1448984146118164
1.0,831.0,0.18163563311100006
1.0,832.0,0.13795626163482666
1.0,833.0,0.12799805402755737
1.0,834.0,0.1615408957004547
1.0,835.0,0.21674460172653198
1.0,836.0,0.13979709148406982
1.0,837.0,0.13807687163352966
1.0,838.0,0.1372518539428711
1.0,839.0,0.18974533677101135
1.0,840.0,0.16397497057914734
1.0,841.0,0.13488391041755676
1.0,842.0,0.12763600051403046
1.0,843.0,0.14537006616592407
1.0,844.0,0.2095334380865097
1.0,845.0,0.15240983664989471
1.0,846.0,0.15987631678581238
1.0,847.0,0.15169121325016022
1.0,848.0,0.1464841067790985
1.0,849.0,0.17178702354431152
1.0,850.0,0.15041373670101166
1.0,851.0,0.1731424778699875
1.0,852.0,0.17973777651786804
1.0,853.0,0.1712140589952469
1.0,854.0,0.16192296147346497
1.0,855.0,0.19279199838638306
1.0,856.0,0.14123234152793884
1.0,857.0,0.16635064780712128
1.0,858.0,0.170796200633049
1.0,859.0,0.12085086107254028
1.0,860.0,0.13196852803230286
1.0,861.0,0.16621148586273193
1.0,862.0,0.1721143126487732
1.0,863.0,0.1639370322227478
1.0,864.0,0.12496955692768097
1.0,865.0,0.16847890615463257
1.0,866.0,0.1912682205438614
1.0,867.0,0.1438523828983307
1.0,868.0,0.14240674674510956
1.0,869.0,0.19397257268428802
1.0,870.0,0.18483397364616394
1.0,871.0,0.21133655309677124
1.0,872.0,0.15942920744419098
1.0,873.0,0.1330859214067459
1.0,874.0,0.162818044424057
1.0,875.0,0.11621534824371338
1.0,876.0,0.15207600593566895
1.0,877.0,0.17233911156654358
1.0,878.0,0.189711794257164
1.0,879.0,0.14659483730793
1.0,880.0,0.1702113151550293
1.0,881.0,0.1307332068681717
1.0,882.0,0.13346272706985474
1.0,883.0,0.18579626083374023
1.0,884.0,0.14708131551742554
1.0,885.0,0.14558164775371552
1.0,886.0,0.16429030895233154
1.0,887.0,0.1587284356355667
1.0,888.0,0.1562400460243225
1.0,889.0,0.12668603658676147
1.0,890.0,0.14189758896827698
1.0,891.0,0.1705213487148285
1.0,892.0,0.15400974452495575
1.0,893.0,0.13471508026123047
1.0,894.0,0.16372860968112946
1.0,895.0,0.1376255303621292
1.0,896.0,0.1832834631204605
1.0,897.0,0.1609303504228592
1.0,898.0,0.21426458656787872
1.0,899.0,0.17147691547870636
1.0,900.0,0.15050655603408813
1.0,901.0,0.11957384645938873
1.0,902.0,0.1404188871383667
1.0,903.0,0.14775726199150085
1.0,904.0,0.1689085215330124
1.0,905.0,0.16763350367546082
1.0,906.0,0.16921329498291016
1.0,907.0,0.15734179317951202
1.0,908.0,0.167820543050766
1.0,909.0,0.17341476678848267
1.0,910.0,0.14231523871421814
1.0,911.0,0.1579834669828415
1.0,912.0,0.16806663572788239
1.0,913.0,0.15442927181720734
1.0,914.0,0.13160884380340576
1.0,915.0,0.16378527879714966
1.0,916.0,0.11979183554649353
1.0,917.0,0.2162589579820633
1.0,918.0,0.14771994948387146
1.0,919.0,0.13577264547348022
1.0,920.0,0.16393879055976868
1.0,921.0,0.1815308928489685
1.0,922.0,0.1401059627532959
1.0,923.0,0.14739775657653809
1.0,924.0,0.20299673080444336
1.0,925.0,0.15113987028598785
1.0,926.0,0.12967634201049805
1.0,927.0,0.11733897775411606
1.0,928.0,0.13965880870819092
1.0,929.0,0.13465718924999237
1.0,930.0,0.167277991771698
1.0,931.0,0.15678882598876953
1.0,932.0,0.1464720070362091
1.0,933.0,0.17358791828155518
1.0,934.0,0.14286494255065918
1.0,935.0,0.16230222582817078
1.0,936.0,0.13496270775794983
1.0,937.0,0.14613550901412964
1.0,938.0,0.13842463493347168
1.0,939.0,0.1518476903438568
1.0,940.0,0.14112123847007751
1.0,941.0,0.15327677130699158
1.0,942.0,0.15891113877296448
1.0,943.0,0.16410976648330688
1.0,944.0,0.13140906393527985
1.0,945.0,0.12832629680633545
1.0,946.0,0.13329458236694336
1.0,947.0,0.17293500900268555
1.0,948.0,0.17209693789482117
1.0,949.0,0.14685922861099243
1.0,950.0,0.18180596828460693
1.0,951.0,0.17231851816177368
1.0,952.0,0.15218932926654816
1.0,953.0,0.1241656243801117
1.0,954.0,0.15388822555541992
1.0,955.0,0.1591515690088272
1.0,956.0,0.13556146621704102
1.0,957.0,0.1336580067873001
1.0,958.0,0.17291203141212463
1.0,959.0,0.14026711881160736
1.0,960.0,0.13067668676376343
1.0,961.0,0.15888914465904236
1.0,962.0,0.16472509503364563
1.0,963.0,0.1501801311969757
1.0,964.0,0.14430278539657593
1.0,965.0,0.17565597593784332
1.0,966.0,0.14238828420639038
1.0,967.0,0.1323855072259903
1.0,968.0,0.12437307834625244
1.0,969.0,0.1322634220123291
1.0,970.0,0.15698567032814026
1.0,971.0,0.15483728051185608
1.0,972.0,0.1724034547805786
1.0,973.0,0.1559455394744873
1.0,974.0,0.15332868695259094
1.0,975.0,0.14021208882331848
1.0,976.0,0.1480371057987213
1.0,977.0,0.1526755690574646
1.0,978.0,0.13921497762203217
1.0,979.0,0.15402793884277344
1.0,980.0,0.1545306146144867
1.0,981.0,0.22180072963237762
1.0,982.0,0.18356846272945404
1.0,983.0,0.18819507956504822
1.0,984.0,0.12623955309391022
1.0,985.0,0.1402646005153656
1.0,986.0,0.16593019664287567
1.0,987.0,0.13455408811569214
1.0,988.0,0.12710995972156525
1.0,989.0,0.1448439508676529
1.0,990.0,0.1503152996301651
1.0,991.0,0.17077001929283142
1.0,992.0,0.11700692027807236
1.0,993.0,0.1527443379163742
1.0,994.0,0.19698800146579742
1.0,995.0,0.16240791976451874
1.0,996.0,0.1749255657196045
1.0,997.0,0.16944187879562378
1.0,998.0,0.16649691760540009
1.0,999.0,0.135136216878891
1.0,1000.0,0.14558541774749756
1.0,1001.0,0.18412047624588013
1.0,1002.0,0.16287201642990112
1.0,1003.0,0.1729389727115631
1.0,1004.0,0.16727584600448608
1.0,1005.0,0.1598338484764099
1.0,1006.0,0.15622742474079132
1.0,1007.0,0.17964324355125427
1.0,1008.0,0.15749026834964752
1.0,1009.0,0.14559608697891235
1.0,1010.0,0.1701827049255371
1.0,1011.0,0.1983666568994522
1.0,1012.0,0.14456187188625336
1.0,1013.0,0.15494738519191742
1.0,1014.0,0.12123849987983704
1.0,1015.0,0.12174776196479797
1.0,1016.0,0.12414293736219406
1.0,1017.0,0.165452241897583
1.0,1018.0,0.19389629364013672
1.0,1019.0,0.14846982061862946
1.0,1020.0,0.10465504974126816
1.0,1021.0,0.16875618696212769
1.0,1022.0,0.16976112127304077
1.0,1023.0,0.15066681802272797
1.0,1024.0,0.14630372822284698
1.0,1025.0,0.13768747448921204
1.0,1026.0,0.14884866774082184
1.0,1027.0,0.14312340319156647
1.0,1028.0,0.151813805103302
1.0,1029.0,0.14530298113822937
1.0,1030.0,0.1318289190530777
1.0,1031.0,0.19339218735694885
1.0,1032.0,0.14549624919891357
1.0,1033.0,0.12177231907844543
1.0,1034.0,0.1418159306049347
1.0,1035.0,0.10861745476722717
1.0,1036.0,0.15797999501228333
1.0,1037.0,0.12605679035186768
1.0,1038.0,0.11589132249355316
1.0,1039.0,0.1479317545890808
1.0,1040.0,0.14794757962226868
1.0,1041.0,0.1709280014038086
1.0,1042.0,0.1779751181602478
1.0,1043.0,0.14637768268585205
1.0,1044.0,0.14046838879585266
1.0,1045.0,0.13645991683006287
1.0,1046.0,0.14155255258083344
1.0,1047.0,0.16639786958694458
1.0,1048.0,0.16877488791942596
1.0,1049.0,0.1767604947090149
1.0,1050.0,0.17407050728797913
1.0,1051.0,0.17567762732505798
1.0,1052.0,0.12463995814323425
1.0,1053.0,0.11592549085617065
1.0,1054.0,0.1348249912261963
1.0,1055.0,0.1516934484243393
1.0,1056.0,0.1807331144809723
1.0,1057.0,0.14976820349693298
1.0,1058.0,0.20672759413719177
1.0,1059.0,0.19549155235290527
1.0,1060.0,0.18414437770843506
1.0,1061.0,0.14129450917243958
1.0,1062.0,0.13678878545761108
1.0,1063.0,0.14945021271705627
1.0,1064.0,0.16073957085609436
1.0,1065.0,0.13497143983840942
1.0,1066.0,0.151950865983963
1.0,1067.0,0.11232874542474747
1.0,1068.0,0.1444518268108368
1.0,1069.0,0.16885191202163696
1.0,1070.0,0.11713677644729614
1.0,1071.0,0.13265126943588257
1.0,1072.0,0.14869296550750732
1.0,1073.0,0.1679755449295044
1.0,1074.0,0.1824890673160553
1.0,1075.0,0.1428017020225525
1.0,1076.0,0.17894583940505981
1.0,1077.0,0.1617555022239685
1.0,1078.0,0.16144081950187683
1.0,1079.0,0.1468912959098816
1.0,1080.0,0.13754713535308838
1.0,1081.0,0.12793134152889252
1.0,1082.0,0.16946686804294586
1.0,1083.0,0.1520029604434967
1.0,1084.0,0.14003920555114746
1.0,1085.0,0.1790691465139389
1.0,1086.0,0.17006683349609375
1.0,1087.0,0.17313507199287415
1.0,1088.0,0.15245483815670013
1.0,1089.0,0.16847822070121765
1.0,1090.0,0.12028935551643372
1.0,1091.0,0.15977656841278076
1.0,1092.0,0.15792128443717957
1.0,1093.0,0.1600993275642395
1.0,1094.0,0.15365470945835114
1.0,1095.0,0.1334255337715149
1.0,1096.0,0.17378583550453186
1.0,1097.0,0.1750582754611969
1.0,1098.0,0.153727188706398
1.0,1099.0,0.17151230573654175
1.0,1100.0,0.15244463086128235
1.0,1101.0,0.1631239950656891
1.0,1102.0,0.1372782289981842
1.0,1103.0,0.11387614905834198
1.0,1104.0,0.16289380192756653
1.0,1105.0,0.12954574823379517
1.0,1106.0,0.17730370163917542
1.0,1107.0,0.1598285734653473
1.0,1108.0,0.13862773776054382
1.0,1109.0,0.15301549434661865
1.0,1110.0,0.1459338665008545
1.0,1111.0,0.20780809223651886
1.0,1112.0,0.20386278629302979
1.0,1113.0,0.16108159720897675
1.0,1114.0,0.14696389436721802
1.0,1115.0,0.1389085352420807
1.0,1116.0,0.16223658621311188
1.0,1117.0,0.1390914022922516
1.0,1118.0,0.12657573819160461
1.0,1119.0,0.13785666227340698
1.0,1120.0,0.14232975244522095
1.0,1121.0,0.16261786222457886
1.0,1122.0,0.15571436285972595
1.0,1123.0,0.16922825574874878
1.0,1124.0,0.1338530033826828
1.0,1125.0,0.13226774334907532
1.0,1126.0,0.13473647832870483
1.0,1127.0,0.2029852420091629
1.0,1128.0,0.15422724187374115
1.0,1129.0,0.14816871285438538
1.0,1130.0,0.1609383076429367
1.0,1131.0,0.16034752130508423
1.0,1132.0,0.1715671718120575
1.0,1133.0,0.12484623491764069
1.0,1134.0,0.1484399139881134
1.0,1135.0,0.16202715039253235
1.0,1136.0,0.1761796623468399
1.0,1137.0,0.10695352405309677
1.0,1138.0,0.17982277274131775
1.0,1139.0,0.14605717360973358
1.0,1140.0,0.14714819192886353
1.0,1141.0,0.15641070902347565
1.0,1142.0,0.1427130103111267
1.0,1143.0,0.12846754491329193
1.0,1144.0,0.14298883080482483
1.0,1145.0,0.14276772737503052
1.0,1146.0,0.11198225617408752
1.0,1147.0,0.15758489072322845
1.0,1148.0,0.22022134065628052
1.0,1149.0,0.14421427249908447
1.0,1150.0,0.1681014448404312
1.0,1151.0,0.12760336697101593
1.0,1152.0,0.1686665415763855
1.0,1153.0,0.18037086725234985
1.0,1154.0,0.16483259201049805
1.0,1155.0,0.14992815256118774
1.0,1156.0,0.1576746702194214
1.0,1157.0,0.1145232543349266
1.0,1158.0,0.1532905101776123
1.0,1159.0,0.16489198803901672
1.0,1160.0,0.16703979671001434
1.0,1161.0,0.14968961477279663
1.0,1162.0,0.12765620648860931
1.0,1163.0,0.15601035952568054
1.0,1164.0,0.11747942864894867
1.0,1165.0,0.18207621574401855
1.0,1166.0,0.1548599898815155
1.0,1167.0,0.15452764928340912
1.0,1168.0,0.14608797430992126
1.0,1169.0,0.1907515823841095
1.0,1170.0,0.13754552602767944
1.0,1171.0,0.1491316705942154
1.0,1172.0,0.1449512094259262
1.0,1173.0,0.14095887541770935
1.0,1174.0,0.13573414087295532
1.0,1175.0,0.13586196303367615
1.0,1176.0,0.15154477953910828
1.0,1177.0,0.133156418800354
1.0,1178.0,0.11560073494911194
1.0,1179.0,0.14670014381408691
1.0,1180.0,0.17435568571090698
1.0,1181.0,0.1175680160522461
1.0,1182.0,0.13748016953468323
1.0,1183.0,0.14714956283569336
1.0,1184.0,0.14037533104419708
1.0,1185.0,0.1523156762123108
1.0,1186.0,0.15807843208312988
1.0,1187.0,0.1918645203113556
1.0,1188.0,0.13711413741111755
1.0,1189.0,0.13071522116661072
1.0,1190.0,0.1481773555278778
1.0,1191.0,0.18797554075717926
1.0,1192.0,0.1282956898212433
1.0,1193.0,0.19593146443367004
1.0,1194.0,0.178613543510437
1.0,1195.0,0.15320143103599548
1.0,1196.0,0.15024766325950623
1.0,1197.0,0.14032085239887238
1.0,1198.0,0.15078318119049072
1.0,1199.0,0.13102133572101593
1.0,1200.0,0.14558205008506775
1.0,1201.0,0.18463902175426483
1.0,1202.0,0.13579371571540833
1.0,1203.0,0.1479025036096573
1.0,1204.0,0.13143989443778992
1.0,1205.0,0.14029434323310852
1.0,1206.0,0.1752341091632843
1.0,1207.0,0.1667964607477188
1.0,1208.0,0.15805049240589142
1.0,1209.0,0.14472605288028717
1.0,1210.0,0.19895842671394348
1.0,1211.0,0.15160195529460907
1.0,1212.0,0.13774381577968597
1.0,1213.0,0.16152745485305786
1.0,1214.0,0.15578675270080566
1.0,1215.0,0.13202771544456482
1.0,1216.0,0.1457209289073944
1.0,1217.0,0.12834958732128143
1.0,1218.0,0.12707586586475372
1.0,1219.0,0.14731749892234802
1.0,1220.0,0.1795225739479065
1.0,1221.0,0.18259350955486298
1.0,1222.0,0.18793639540672302
1.0,1223.0,0.1402842402458191
1.0,1224.0,0.19949395954608917
1.0,1225.0,0.1238480657339096
1.0,1226.0,0.13532865047454834
1.0,1227.0,0.09599147737026215
1.0,1228.0,0.20781190693378448
1.0,1229.0,0.1598930060863495
1.0,1230.0,0.12103800475597382
1.0,1231.0,0.15614749491214752
1.0,1232.0,0.17764008045196533
1.0,1233.0,0.13171927630901337
1.0,1234.0,0.16678017377853394
1.0,1235.0,0.14754824340343475
1.0,1236.0,0.15977048873901367
1.0,1237.0,0.11959495395421982
1.0,1238.0,0.17517516016960144
1.0,1239.0,0.1476936787366867
1.0,1240.0,0.12704384326934814
1.0,1241.0,0.15315209329128265
1.0,1242.0,0.17648500204086304
1.0,1243.0,0.12533821165561676
1.0,1244.0,0.13819865882396698
1.0,1245.0,0.1610037088394165
1.0,1246.0,0.15013830363750458
1.0,1247.0,0.14805467426776886
1.0,1248.0,0.16432224214076996
1.0,1249.0,0.13476158678531647
1.0,1250.0,0.1404346525669098
1.0,1251.0,0.15248998999595642
1.0,1252.0,0.1346297264099121
1.0,1253.0,0.1411798596382141
1.0,1254.0,0.1945509910583496
1.0,1255.0,0.16405987739562988
1.0,1256.0,0.11929473280906677
1.0,1257.0,0.15488098561763763
1.0,1258.0,0.16108423471450806
1.0,1259.0,0.13658800721168518
1.0,1260.0,0.1337640881538391
1.0,1261.0,0.1520530879497528
1.0,1262.0,0.16568440198898315
1.0,1263.0,0.14665672183036804
1.0,1264.0,0.13882717490196228
1.0,1265.0,0.1802755445241928
1.0,1266.0,0.15588849782943726
1.0,1267.0,0.15422028303146362
1.0,1268.0,0.14044684171676636
1.0,1269.0,0.14086413383483887
1.0,1270.0,0.12591686844825745
1.0,1271.0,0.1423710286617279
1.0,1272.0,0.14529481530189514
1.0,1273.0,0.14744168519973755
1.0,1274.0,0.13960886001586914
1.0,1275.0,0.1578984260559082
1.0,1276.0,0.17612507939338684
1.0,1277.0,0.15298093855381012
1.0,1278.0,0.12482934445142746
1.0,1279.0,0.1270994395017624
1.0,1280.0,0.14356034994125366
1.0,1281.0,0.12746593356132507
1.0,1282.0,0.14302507042884827
1.0,1283.0,0.16830316185951233
1.0,1284.0,0.13976545631885529
1.0,1285.0,0.14011874794960022
1.0,1286.0,0.1595146805047989
1.0,1287.0,0.15671823918819427
1.0,1288.0,0.14409317076206207
1.0,1289.0,0.12944859266281128
1.0,1290.0,0.152940571308136
1.0,1291.0,0.14704102277755737
1.0,1292.0,0.15028175711631775
1.0,1293.0,0.11831013858318329
1.0,1294.0,0.1329798698425293
1.0,1295.0,0.17116796970367432
1.0,1296.0,0.15028831362724304
1.0,1297.0,0.18993663787841797
1.0,1298.0,0.13286879658699036
1.0,1299.0,0.16122934222221375
1.0,1300.0,0.10924596339464188
1.0,1301.0,0.13509324193000793
1.0,1302.0,0.14679989218711853
1.0,1303.0,0.1521373689174652
1.0,1304.0,0.13433808088302612
1.0,1305.0,0.1482560932636261
1.0,1306.0,0.13825863599777222
1.0,1307.0,0.17652110755443573
1.0,1308.0,0.15820178389549255
1.0,1309.0,0.14966529607772827
1.0,1310.0,0.17455509305000305
1.0,1311.0,0.17903855443000793
1.0,1312.0,0.12834960222244263
1.0,1313.0,0.12606294453144073
1.0,1314.0,0.16212591528892517
1.0,1315.0,0.14663134515285492
1.0,1316.0,0.14025692641735077
1.0,1317.0,0.17591366171836853
1.0,1318.0,0.13708654046058655
1.0,1319.0,0.1284020096063614
1.0,1320.0,0.18148557841777802
1.0,1321.0,0.13052591681480408
1.0,1322.0,0.16422727704048157
1.0,1323.0,0.16395407915115356
1.0,1324.0,0.1411093771457672
1.0,1325.0,0.13900062441825867
1.0,1326.0,0.14856955409049988
1.0,1327.0,0.16321595013141632
1.0,1328.0,0.15481522679328918
1.0,1329.0,0.19050447642803192
1.0,1330.0,0.2292679250240326
1.0,1331.0,0.16277064383029938
1.0,1332.0,0.15573528409004211
1.0,1333.0,0.1581725776195526
1.0,1334.0,0.12496944516897202
1.0,1335.0,0.12420624494552612
1.0,1336.0,0.16378234326839447
1.0,1337.0,0.15732109546661377
1.0,1338.0,0.1239701360464096
1.0,1339.0,0.1543578803539276
1.0,1340.0,0.18753594160079956
1.0,1341.0,0.15116262435913086
1.0,1342.0,0.1326805055141449
1.0,1343.0,0.1579727679491043
1.0,1344.0,0.13833211362361908
1.0,1345.0,0.13279959559440613
1.0,1346.0,0.13018600642681122
1.0,1347.0,0.13313189148902893
1.0,1348.0,0.18226075172424316
1.0,1349.0,0.1740996241569519
1.0,1350.0,0.17923474311828613
1.0,1351.0,0.1476297676563263
